{
  "Profiles": [
    {
      "Allow Paste Bracketing": false,
      "Tags": [],
      "Ansi 12 Color": {
        "Red Component": 0.59206557273864746,
        "Color Space": "sRGB",
        "Blue Component": 0.93790364265441895,
        "Alpha Component": 1,
        "Green Component": 0.84338563680648804
      },
      "Ansi 5 Color": {
        "Red Component": 0.59607843137254901,
        "Color Space": "sRGB",
        "Blue Component": 0.69803921568627447,
        "Alpha Component": 1,
        "Green Component": 0.58823529411764708
      },
      "Custom Directory": "Recycle",
      "Bold Color": {
        "Red Component": 0.97254902124404907,
        "Color Space": "sRGB",
        "Blue Component": 0.94901961088180542,
        "Alpha Component": 1,
        "Green Component": 0.97254902124404907
      },
      "Ansi 7 Color": {
        "Red Component": 0.99607843137254903,
        "Color Space": "sRGB",
        "Blue Component": 1,
        "Alpha Component": 1,
        "Green Component": 1
      },
      "Ansi 8 Color": {
        "Red Component": 0.40942513942718506,
        "Color Space": "sRGB",
        "Blue Component": 0.33635789155960083,
        "Alpha Component": 1,
        "Green Component": 0.33806523680686951
      },
      "Ansi 9 Color": {
        "Red Component": 0.84476584196090698,
        "Color Space": "sRGB",
        "Blue Component": 0.25763893127441406,
        "Alpha Component": 1,
        "Green Component": 0.41823640465736389
      },
      "Rows": 25,
      "Default Bookmark": "No",
      "Link Color": {
        "Red Component": 0.39215686917304993,
        "Color Space": "sRGB",
        "Blue Component": 0.93725490570068359,
        "Alpha Component": 1,
        "Green Component": 0.59607845544815063
      },
      "Guid": "AAB1E82B-DD10-4015-BE1C-20B69F7D8406",
      "Cursor Guide Color": {
        "Red Component": 0.70213186740875244,
        "Color Space": "sRGB",
        "Blue Component": 1,
        "Alpha Component": 0.25,
        "Green Component": 0.9268307089805603
      },
      "Non-ASCII Anti Aliased": true,
      "Use Bright Bold": true,
      "Ansi 10 Color": {
        "Red Component": 0.59946936368942261,
        "Color Space": "sRGB",
        "Blue Component": 0.17344316840171814,
        "Alpha Component": 1,
        "Green Component": 0.71117794513702393
      },
      "Ambiguous Double Width": false,
      "Jobs to Ignore": ["rlogin", "ssh", "slogin", "telnet"],
      "Ansi 15 Color": {
        "Red Component": 0.89390510320663452,
        "Color Space": "sRGB",
        "Blue Component": 0.78074795007705688,
        "Alpha Component": 1,
        "Green Component": 0.83679884672164917
      },
      "Foreground Color": {
        "Red Component": 0.99607843137254903,
        "Color Space": "sRGB",
        "Blue Component": 1,
        "Alpha Component": 1,
        "Green Component": 1
      },
      "Working Directory": "/Users/paul",
      "Blinking Cursor": false,
      "Disable Window Resizing": true,
      "Sync Title": false,
      "Prompt Before Closing 2": false,
      "BM Growl": true,
      "Command": "",
      "Description": "Default",
      "Mouse Reporting": true,
      "Screen": -1,
      "Selection Color": {
        "Red Component": 0.59607843137254901,
        "Color Space": "sRGB",
        "Blue Component": 0.69803921568627447,
        "Alpha Component": 1,
        "Green Component": 0.58823529411764708
      },
      "Columns": 80,
      "Idle Code": 0,
      "Ansi 13 Color": {
        "Red Component": 0.66794437170028687,
        "Color Space": "sRGB",
        "Blue Component": 0,
        "Alpha Component": 1,
        "Green Component": 0.47304326295852661
      },
      "Title Components": 3,
      "Brighten Bold Text": false,
      "Custom Command": "No",
      "ASCII Anti Aliased": true,
      "tmux Pane Title": "Default",
      "Non Ascii Font": "Monaco 12",
      "Vertical Spacing": 1.01,
      "Use Bold Font": true,
      "Option Key Sends": 0,
      "Selected Text Color": {
        "Red Component": 0.13725490196078433,
        "Color Space": "sRGB",
        "Blue Component": 0.13725490196078433,
        "Alpha Component": 1,
        "Green Component": 0.13725490196078433
      },
      "Background Color": {
        "Red Component": 0.13725490196078433,
        "Color Space": "sRGB",
        "Blue Component": 0.13725490196078433,
        "Alpha Component": 1,
        "Green Component": 0.13725490196078433
      },
      "Character Encoding": 4,
      "Ansi 11 Color": {
        "Red Component": 1,
        "Color Space": "sRGB",
        "Blue Component": 0.43768906593322754,
        "Alpha Component": 1,
        "Green Component": 0.71335631608963013
      },
      "Use Italic Font": true,
      "Unlimited Scrollback": true,
      "Keyboard Map": {
        "0xf700-0x260000": {
          "Text": "[1;6A",
          "Action": 10
        },
        "0x37-0x40000": {
          "Text": "0x1f",
          "Action": 11
        },
        "0x32-0x40000": {
          "Text": "0x00",
          "Action": 11
        },
        "0xf709-0x20000": {
          "Text": "[17;2~",
          "Action": 10
        },
        "0xf70c-0x20000": {
          "Text": "[20;2~",
          "Action": 10
        },
        "0xf729-0x20000": {
          "Text": "[1;2H",
          "Action": 10
        },
        "0xf72b-0x40000": {
          "Text": "[1;5F",
          "Action": 10
        },
        "0xf705-0x20000": {
          "Text": "[1;2Q",
          "Action": 10
        },
        "0xf703-0x260000": {
          "Text": "[1;6C",
          "Action": 10
        },
        "0xf700-0x220000": {
          "Text": "[1;2A",
          "Action": 10
        },
        "0xf701-0x280000": {
          "Text": "0x1b 0x1b 0x5b 0x42",
          "Action": 11
        },
        "0x38-0x40000": {
          "Text": "0x7f",
          "Action": 11
        },
        "0x33-0x40000": {
          "Text": "0x1b",
          "Action": 11
        },
        "0xf703-0x220000": {
          "Text": "[1;2C",
          "Action": 10
        },
        "0xf701-0x240000": {
          "Text": "[1;5B",
          "Action": 10
        },
        "0xf70d-0x20000": {
          "Text": "[21;2~",
          "Action": 10
        },
        "0xf702-0x260000": {
          "Text": "[1;6D",
          "Action": 10
        },
        "0xf729-0x40000": {
          "Text": "[1;5H",
          "Action": 10
        },
        "0xf706-0x20000": {
          "Text": "[1;2R",
          "Action": 10
        },
        "0x34-0x40000": {
          "Text": "0x1c",
          "Action": 11
        },
        "0xf700-0x280000": {
          "Text": "0x1b 0x1b 0x5b 0x41",
          "Action": 11
        },
        "0x2d-0x40000": {
          "Text": "0x1f",
          "Action": 11
        },
        "0xf70e-0x20000": {
          "Text": "[23;2~",
          "Action": 10
        },
        "0xf702-0x220000": {
          "Text": "[1;2D",
          "Action": 10
        },
        "0xf703-0x280000": {
          "Text": "0x1b 0x1b 0x5b 0x43",
          "Action": 11
        },
        "0xf700-0x240000": {
          "Text": "[1;5A",
          "Action": 10
        },
        "0xf707-0x20000": {
          "Text": "[1;2S",
          "Action": 10
        },
        "0xf70a-0x20000": {
          "Text": "[18;2~",
          "Action": 10
        },
        "0x35-0x40000": {
          "Text": "0x1d",
          "Action": 11
        },
        "0xf70f-0x20000": {
          "Text": "[24;2~",
          "Action": 10
        },
        "0xf703-0x240000": {
          "Text": "[1;5C",
          "Action": 10
        },
        "0xf701-0x260000": {
          "Text": "[1;6B",
          "Action": 10
        },
        "0xf702-0x280000": {
          "Text": "0x1b 0x1b 0x5b 0x44",
          "Action": 11
        },
        "0xf72b-0x20000": {
          "Text": "[1;2F",
          "Action": 10
        },
        "0x36-0x40000": {
          "Text": "0x1e",
          "Action": 11
        },